{"cv result": 0.7802180685358255, "rmse": 0.49236596391733095, "_timestamp": 1653922055, "_runtime": 41, "_step": 0, "_wandb": {"runtime": 33}}